tag_id,tag_name
25,Fiction
26,Fiction
31,History
39,Poetry
42,Psychology
61,Fiction
89,Cookbooks
91,Comics
98,Fantasy
100,Fiction
115,Fiction
119,Fantasy
123,Fiction
124,Fantasy
127,Fiction
129,Fiction
130,Fiction
136,Art
145,Art
155,Fiction
165,Manga
182,Crime
194,Business
212,Fiction
225,Art
228,Art
260,Comics
412,Mystery
508,Philosophy
515,Classics
518,Fiction
520,History
528,Art
531,Fiction
551,Art
565,Business
571,Fiction
594,Religion
676,Art
677,Art
679,Art
680,Art
725,Art
786,Comics
810,Comics
862,Comics
864,Fiction
873,Manga
907,Horror
908,Horror
909,Horror
927,Fiction
928,Classics
930,Fiction
931,History
943,Fiction
950,Fantasy
963,Fiction
971,Art
990,Fiction
1000,Mystery
1001,Poetry
1002,Fiction
1006,Sports
1023,Science
1025,Art
1046,Art
1052,Art
1065,Art
1109,Art
1115,Cookbooks
1118,Poetry
1122,Comics
1124,Fiction
1130,Thriller
1139,Fantasy
1159,Fiction
1180,Fiction
1183,Fiction
1211,Art
1214,Fiction
1218,Thriller
1237,Poetry
1256,History
1270,Art
1272,Comics
1277,Fiction
1285,Poetry
1293,Fiction
1315,Fantasy
1318,Fiction
1345,Fiction
1360,Art
1382,Thriller
1386,Art
1387,Art
1399,Fiction
1401,Fiction
1404,Romance
1445,Mystery
1461,Psychology
1470,Art
1476,Mystery
1512,Fiction
1517,Fiction
1543,Thriller
1545,Suspense
1546,Fiction
1547,Manga
1548,Mystery
1551,Romance
1552,Suspense
1553,Suspense
1554,Thriller
1555,Thriller
1556,Mystery
1557,Thriller
1643,Fiction
1644,Biography
1648,Christian
1649,Contemporary
1650,Contemporary
1654,Fantasy
1659,Fiction
1660,Fiction
1661,Mystery
1666,Mystery
1668,Fiction
1669,Fiction
1671,Paranormal
1672,Paranormal
1679,Romance
1680,Fiction
1682,Suspense
1685,Fiction
1696,Fiction
1697,Mystery
1699,Fiction
1700,Fantasy
1701,Fiction
1703,Spirituality
1704,Sports
1707,Suspense
1708,Thriller
1709,Travel
1715,Art
1747,Fiction
1748,Fiction
1749,Travel
1756,Classics
1758,Fiction
1759,History
1763,Memoir
1764,Romance
1771,Fiction
1772,History
1780,Fiction
1880,Art
2041,Art
2050,Fantasy
2075,Ebooks
2076,Fiction
2083,Fiction
2085,Christian
2094,Art
2103,Fiction
2126,Art
2155,Art
2166,History
2173,History
2183,Fantasy
2186,History
2264,Art
2270,History
2280,Art
2287,Classics
2288,Comics
2289,Contemporary
2290,Crime
2294,Fiction
2304,Fiction
2305,History
2319,Poetry
2348,Fiction
2382,Art
2383,Art
2408,Philosophy
2409,Philosophy
2425,Classics
2433,Philosophy
2434,Fiction
2435,History
2441,Mystery
2444,Philosophy
2453,Philosophy
2506,Art
2542,Romance
2552,Classics
2554,Fantasy
2556,Fiction
2561,Mystery
2563,Fiction
2564,Fiction
2595,Manga
2617,Art
2692,Art
2717,Religion
2762,Art
2773,Fiction
2820,Fantasy
2832,Contemporary
2833,Fiction
2836,Fiction
2841,Poetry
2856,Fiction
2857,Thriller
2870,History
2882,Art
2912,Travel
2934,Art
2938,Art
2939,Art
2940,Art
2941,Art
2942,Art
2943,Art
2944,Art
2945,Art
2946,Art
2947,Art
2948,Art
2949,Art
2950,Art
2951,Art
2952,Art
2953,Art
2954,Art
2955,Art
2956,Art
2957,Art
2958,Art
2959,Art
2960,Art
2961,Art
2962,Art
2963,Art
2964,Art
2965,Art
2966,Art
2967,Art
2968,Art
2969,Art
2970,Art
2971,Art
2972,Art
2973,Art
2974,Art
2975,Art
2976,Art
2977,Art
2978,Art
2979,Art
2980,Art
2981,Art
2982,Art
2983,Art
2984,Art
2985,Art
2986,Art
2987,Art
2988,Art
2989,Art
2990,Art
2991,Art
2992,Art
2993,Art
2994,Art
2995,Art
2996,Art
2997,Art
2998,Art
2999,Art
3000,Art
3001,Art
3002,Art
3003,Art
3004,Art
3005,Art
3006,Art
3007,Art
3008,Art
3009,Art
3010,Art
3011,Art
3012,Art
3013,Art
3014,Art
3015,Art
3016,Art
3017,Art
3018,Art
3019,Art
3020,Art
3021,Art
3022,Art
3023,Art
3024,Art
3025,Art
3026,Art
3027,Art
3028,Art
3029,Art
3030,Art
3031,Art
3032,Art
3033,Art
3034,Art
3035,Art
3036,Art
3037,Art
3038,Art
3039,Art
3040,Art
3041,Art
3042,Art
3043,Art
3044,Art
3045,Art
3046,Art
3047,Art
3048,Art
3049,Art
3050,Art
3051,Art
3052,Art
3053,Art
3054,Art
3055,Art
3056,Art
3057,Art
3058,Art
3059,Art
3060,Art
3061,Art
3062,Art
3063,Art
3064,Art
3065,Art
3066,Art
3067,Art
3068,Art
3069,Art
3070,Art
3071,Art
3072,Art
3073,Art
3074,Art
3075,Art
3076,Art
3077,Art
3078,Art
3079,Art
3080,Art
3081,Art
3082,Art
3083,Art
3084,Art
3085,Art
3086,Art
3087,Art
3088,Art
3089,Art
3090,Art
3091,Art
3092,Art
3093,Art
3094,Art
3095,Art
3096,Art
3097,Art
3098,Art
3099,Art
3100,Art
3101,Art
3102,Art
3103,Art
3104,Art
3105,Art
3106,Art
3107,Art
3108,Art
3109,Art
3110,Art
3111,Art
3112,Art
3113,Art
3114,Art
3115,Art
3116,Art
3117,Art
3118,Art
3119,Art
3120,Art
3121,Art
3122,Art
3123,Art
3124,Art
3125,Art
3126,Art
3127,Art
3128,Art
3129,Art
3130,Art
3131,Art
3132,Art
3133,Art
3134,Art
3135,Art
3136,Art
3137,Art
3138,Art
3139,Art
3140,Art
3141,Art
3142,Art
3143,Art
3144,Art
3145,Art
3146,Art
3147,Art
3148,Art
3149,Art
3150,Art
3151,Art
3152,Art
3153,Art
3154,Art
3155,Art
3156,Art
3157,Art
3158,Art
3159,Art
3160,Art
3161,Art
3162,Art
3163,Art
3164,Art
3165,Art
3166,Art
3167,Art
3168,Art
3169,Art
3170,Art
3171,Art
3172,Art
3173,Art
3174,Art
3175,Art
3176,Art
3177,Art
3178,Art
3179,Art
3180,Art
3181,Art
3182,Art
3183,Art
3184,Art
3185,Art
3186,Art
3187,Art
3188,Art
3189,Art
3190,Art
3221,Fiction
3227,Fantasy
3228,Fiction
3229,Fiction
3230,History
3243,Art
3310,Religion
3312,Philosophy
3313,Religion
3412,Fiction
3435,Mystery
3442,Fiction
3447,Fiction
3469,Classics
3470,Contemporary
3471,Fiction
3472,Fiction
3473,Fiction
3489,Christian
3536,Art
3590,Biography
3593,Memoir
3595,Memoir
3596,Biography
3597,Biography
3598,Biography
3603,Memoir
3606,Fiction
3611,Biography
3612,Biography
3613,Biography
3614,Biography
3615,Biography
3616,Biography
3617,Biography
3618,Biography
3619,Fiction
3651,Art
3660,History
3690,Manga
3723,Classics
3724,Classics
3726,Philosophy
3729,Comics
3819,Cookbooks
3930,Classics
3933,Classics
3934,Classics
3948,Art
3949,Art
3950,Art
3951,Art
3952,Art
3953,Art
3960,Fiction
3961,History
3992,Comics
4045,Manga
4046,Comics
4047,Comics
4049,Manga
4058,Romance
4131,Art
4201,Psychology
4202,Science
4203,Science
4207,Psychology
4208,Science
4239,Art
4310,Fantasy
4322,Business
4325,Christian
4326,Comics
4327,Cookbooks
4328,Cookbooks
4333,Fantasy
4334,Fantasy
4335,Fantasy
4336,Fiction
4342,History
4343,Horror
4349,Fiction
4366,Psychology
4432,Fiction
4435,Christian
4447,Fiction
4448,Fiction
4452,Spirituality
4488,History
4507,Romance
4519,Fiction
4530,Art
4531,Art
4533,Art
4545,Romance
4562,Memoir
4563,Art
4566,Memoir
4567,Biography
4568,Memoir
4569,Memoir
4588,Fiction
4589,Memoir
4596,Memoir
4598,Memoir
4600,Memoir
4601,Memoir
4605,Biography
4606,Biography
4607,Biography
4608,Biography
4609,Biography
4610,Biography
4611,Biography
4612,Biography
4613,Biography
4614,Biography
4615,Biography
4616,Biography
4617,Biography
4618,Biography
4619,Biography
4620,Biography
4621,Biography
4622,Biography
4623,Biography
4624,Biography
4635,History
4636,Memoir
4637,Memoir
4705,Fiction
4708,History
4709,History
4710,History
4730,Art
4733,Romance
4738,Fiction
4750,Philosophy
4756,Manga
4824,Classics
4826,Ebooks
4867,Art
4939,Art
5004,Art
5020,Art
5109,Music
5133,Fantasy
5134,Fantasy
5141,Art
5301,Art
5307,History
5311,Art
5502,Sports
5617,Science
5649,Art
5659,Classics
5717,Art
5718,Art
5719,Art
5757,Classics
5759,Contemporary
5762,Crime
5763,Crime
5765,Fiction
5767,Fiction
5768,History
5779,Mystery
5785,Thriller
5805,Romance
5872,Spirituality
5876,Spirituality
5951,Business
5952,Business
5953,Business
5954,Business
5955,Business
5956,Business
5957,Business
5958,Business
5959,Business
5960,Business
5961,Biography
5962,Business
5963,Business
5964,Business
5965,Business
5966,Business
5967,Business
5968,Business
5969,Business
5970,Business
5971,Business
5972,Business
5973,Business
5974,Business
5975,Business
5976,Business
5977,Business
5978,Business
5979,Business
5980,Business
5981,Business
5982,Business
5983,Business
5984,Business
5985,Business
5986,Business
5987,Business
5988,Business
5989,Business
5990,Business
5991,Business
5992,Business
5993,Business
5994,Business
5995,Business
5996,Business
5997,Business
5998,Business
5999,Business
6000,Business
6001,Business
6002,Business
6003,Business
6004,Business
6005,Business
6006,Business
6007,Business
6008,Art
6009,Art
6010,Business
6011,Business
6012,Business
6013,Business
6014,Business
6015,Business
6051,Comics
6056,Art
6064,Fiction
6065,Paranormal
6074,Horror
6187,Fiction
6188,History
6192,Mystery
6202,Memoir
6264,Business
6275,Fiction
6339,Art
6340,Art
6341,Art
6342,Art
6343,Art
6344,Art
6345,Art
6346,Art
6347,Art
6348,Art
6410,Fiction
6411,Romance
6412,Fiction
6422,Thriller
6435,Fiction
6483,Memoir
6493,Memoir
6494,Memoir
6495,Romance
6505,History
6556,Fiction
6628,Art
6678,Romance
6712,Mystery
6751,Crime
6753,Mystery
6755,Romance
6768,Romance
6775,Mystery
6811,Psychology
6812,Psychology
6834,Classics
6849,Art
6871,Classics
6873,Fantasy
6875,Fiction
6880,Fiction
6890,Biography
6905,Classics
6907,Fantasy
6909,Fiction
6911,Fiction
6924,Fiction
6932,Poetry
6934,Fiction
6969,Classics
6971,Fantasy
6973,Fiction
6974,Fiction
6975,Horror
6979,Mystery
6980,Fiction
6985,Ebooks
6986,Poetry
6989,Fiction
7021,Classics
7024,Fiction
7025,History
7030,Philosophy
7077,Christian
7078,Christian
7079,Christian
7080,Christian
7081,Christian
7082,Christian
7083,Christian
7084,Christian
7085,Christian
7086,Christian
7087,Christian
7088,Christian
7089,Christian
7090,Biography
7091,Biography
7092,Christian
7093,Christian
7094,Christian
7095,Christian
7096,Christian
7097,Christian
7098,Christian
7099,Christian
7100,Christian
7101,Christian
7102,Christian
7103,Christian
7104,Christian
7105,Christian
7106,Christian
7107,Christian
7108,Christian
7109,Christian
7110,Christian
7111,Christian
7112,Christian
7113,Christian
7114,Christian
7115,Christian
7116,Christian
7117,Christian
7118,Christian
7119,Christian
7120,Christian
7121,Christian
7122,Christian
7123,Christian
7124,Christian
7125,Christian
7126,Christian
7127,Christian
7128,Christian
7129,Christian
7130,Christian
7131,Christian
7132,Christian
7133,Christian
7134,Christian
7135,Christian
7136,Christian
7137,Christian
7138,Christian
7139,Christian
7140,Christian
7141,Christian
7142,Christian
7143,Christian
7144,Christian
7145,Christian
7146,Christian
7147,Art
7148,Christian
7149,Christian
7150,Christian
7151,Christian
7152,Christian
7153,Christian
7154,Christian
7155,Christian
7156,Christian
7157,Christian
7158,Christian
7159,Christian
7160,Christian
7161,Christian
7162,Christian
7163,Christian
7164,Christian
7165,Christian
7166,Christian
7167,Christian
7168,Christian
7169,Christian
7170,Christian
7171,Christian
7172,Christian
7173,Christian
7174,Christian
7175,Christian
7176,Christian
7177,Christian
7178,Christian
7179,Christian
7180,Christian
7181,Christian
7182,Christian
7183,Christian
7184,Christian
7185,Christian
7186,Christian
7187,Christian
7188,Christian
7189,Christian
7190,Christian
7191,Christian
7192,Christian
7193,Christian
7194,Christian
7195,Christian
7196,Christian
7197,Christian
7198,Christian
7199,Christian
7200,Christian
7201,Christian
7202,Christian
7203,Christian
7204,Christian
7205,Christian
7206,Christian
7207,Christian
7208,Christian
7209,Christian
7210,Christian
7211,Christian
7212,Christian
7234,Fiction
7285,Fiction
7288,Fiction
7289,History
7317,Music
7347,Fiction
7349,Fiction
7350,History
7352,Fiction
7385,Art
7411,Crime
7415,Fantasy
7417,Fiction
7420,Horror
7426,Mystery
7428,Philosophy
7431,Poetry
7434,Fiction
7442,Fiction
7443,History
7447,Music
7457,Classics
7458,Classics
7459,Classics
7460,Classics
7461,Classics
7462,Classics
7463,Classics
7464,Classics
7465,Classics
7466,Classics
7467,Classics
7468,Classics
7469,Classics
7470,Classics
7471,Classics
7472,Classics
7473,Classics
7474,Classics
7475,Classics
7476,Classics
7477,Classics
7478,Classics
7491,Fiction
7494,Romance
7495,Romance
7531,Psychology
7552,Classics
7622,Psychology
7623,Science
7632,Fiction
7677,Romance
7682,Business
7692,History
7723,Fantasy
7727,Fantasy
7729,Manga
7740,Art
7741,Manga
7748,Manga
7751,Manga
7753,Art
7756,Fantasy
7757,Fiction
7761,Manga
7763,Manga
7764,Manga
7765,Manga
7766,Manga
7777,Manga
7778,Comics
7779,Comics
7780,Comics
7781,Comics
7782,Comics
7783,Comics
7784,Comics
7785,Comics
7786,Comics
7787,Comics
7788,Comics
7789,Comics
7790,Comics
7791,Comics
7792,Comics
7793,Art
7794,Comics
7795,Comics
7796,Comics
7797,Comics
7798,Comics
7799,Comics
7800,Comics
7801,Comics
7802,Comics
7803,Comics
7804,Comics
7805,Comics
7806,Comics
7807,Comics
7808,Comics
7809,Comics
7810,Comics
7811,Art
7812,Comics
7813,Comics
7814,Comics
7815,Comics
7816,Comics
7817,Comics
7818,Comics
7819,Comics
7820,Comics
7821,Comics
7822,Comics
7823,Comics
7824,Comics
7825,Comics
7826,Comics
7827,Comics
7828,Comics
7829,Comics
7830,Comics
7831,Comics
7832,Comics
7833,Comics
7834,Comics
7835,Comics
7836,Comics
7837,Comics
7838,Comics
7839,Comics
7840,Comics
7841,Comics
7842,Comics
7843,Comics
7844,Comics
7845,Comics
7846,Comics
7847,Comics
7853,Fantasy
7872,History
7904,Biography
7906,Religion
7916,Manga
7922,Manga
7937,Crime
7940,Art
7941,History
7944,Science
7950,Romance
7957,Art
7970,Poetry
8022,Fiction
8025,Thriller
8046,Romance
8055,Contemporary
8056,Contemporary
8057,Contemporary
8058,Contemporary
8059,Contemporary
8060,Contemporary
8061,Art
8062,Christian
8063,Classics
8064,Contemporary
8065,Contemporary
8066,Contemporary
8067,Contemporary
8068,Contemporary
8069,Contemporary
8070,Contemporary
8071,Contemporary
8072,Contemporary
8073,Contemporary
8074,Contemporary
8075,Contemporary
8076,Contemporary
8077,Contemporary
8078,Contemporary
8079,Contemporary
8080,Contemporary
8081,Contemporary
8082,Contemporary
8083,Contemporary
8084,Contemporary
8085,Contemporary
8093,Philosophy
8101,Art
8113,Ebooks
8142,Memoir
8150,Cookbooks
8151,Cookbooks
8152,Cookbooks
8153,Cookbooks
8154,Cookbooks
8155,Cookbooks
8156,Cookbooks
8157,Cookbooks
8158,Cookbooks
8159,Cookbooks
8160,Cookbooks
8161,Cookbooks
8162,Cookbooks
8163,Cookbooks
8164,Cookbooks
8165,Cookbooks
8166,Cookbooks
8167,Cookbooks
8168,Cookbooks
8169,Cookbooks
8170,Cookbooks
8171,Cookbooks
8172,Cookbooks
8173,Cookbooks
8174,Cookbooks
8175,Cookbooks
8176,Cookbooks
8177,Cookbooks
8178,Cookbooks
8179,Cookbooks
8180,Cookbooks
8181,Cookbooks
8182,Cookbooks
8183,Cookbooks
8184,Cookbooks
8185,Cookbooks
8186,Cookbooks
8187,Cookbooks
8188,Cookbooks
8189,Cookbooks
8190,Cookbooks
8191,Cookbooks
8192,Cookbooks
8193,Cookbooks
8194,Cookbooks
8195,Cookbooks
8196,Cookbooks
8197,Cookbooks
8198,Cookbooks
8199,Cookbooks
8220,Art
8225,Cookbooks
8240,Memoir
8246,Science
8292,Art
8326,Horror
8335,Mystery
8340,Thriller
8356,Psychology
8377,Music
8429,Mystery
8430,Mystery
8434,Art
8435,Fiction
8472,Art
8473,Art
8482,Fiction
8483,Fiction
8492,Art
8493,Art
8494,Art
8495,Art
8517,Crime
8518,Crime
8519,Crime
8520,Crime
8521,Crime
8522,Crime
8523,Comics
8524,Crime
8525,Crime
8526,Crime
8527,Crime
8528,Crime
8529,Crime
8530,Crime
8531,Crime
8532,Crime
8533,Crime
8534,Crime
8535,Crime
8536,Crime
8537,Crime
8538,Crime
8539,Crime
8540,Crime
8541,Crime
8542,Crime
8543,Crime
8544,Crime
8545,Crime
8546,Crime
8547,Crime
8548,Crime
8549,Crime
8550,Crime
8551,Crime
8552,Crime
8553,Crime
8557,Psychology
8578,Fiction
8639,Art
8642,Memoir
8644,Mystery
8653,Classics
8666,Fiction
8670,History
8677,Fiction
8708,Fiction
8744,Romance
8750,Fantasy
8753,Crime
8767,Fantasy
8771,Ebooks
8772,Fiction
8786,Manga
8791,Fiction
8792,Art
8929,Comics
8938,Fantasy
8939,Fantasy
8940,Fiction
8942,Comics
8952,Romance
8978,Art
8979,Art
8980,Art
8989,Science
9084,Comics
9085,Comics
9098,Comics
9291,Art
9292,Art
9299,Psychology
9305,Art
9319,Art
9330,Cookbooks
9339,Crime
9340,Crime
9343,Fiction
9347,Mystery
9348,Mystery
9356,Thriller
9494,Cookbooks
9510,Comics
9647,Manga
9675,Fiction
9699,Fiction
9745,Art
9852,Fantasy
9860,Romance
9887,Fiction
9889,Romance
9893,Poetry
9894,Romance
9906,Art
10033,Fiction
10045,Art
10067,Fiction
10098,Business
10112,Art
10116,Romance
10123,History
10131,Christian
10142,Art
10143,Art
10144,Art
10145,Art
10146,Art
10147,Art
10148,Art
10149,Art
10150,Art
10151,Art
10152,Art
10153,Art
10169,Philosophy
10170,Religion
10210,Ebooks
10211,Ebooks
10212,Ebooks
10213,Ebooks
10214,Ebooks
10215,Ebooks
10216,Ebooks
10217,Ebooks
10224,Art
10228,Fiction
10231,Thriller
10243,History
10248,Business
10251,Business
10290,Art
10346,Fiction
10347,History
10350,Poetry
10457,Art
10462,Art
10528,Art
10529,Art
10620,Spirituality
10653,Classics
10654,Fiction
10655,History
10661,Mystery
10662,Fiction
10663,Fiction
10666,Poetry
10679,Spirituality
10701,Business
10714,History
10717,Philosophy
10718,Science
10731,Fantasy
10732,Fantasy
10733,Fiction
10735,Fantasy
10736,Fiction
10740,Poetry
10767,Fiction
10818,Fantasy
10819,Fiction
10821,Romance
10824,Romance
10828,Romance
10850,Philosophy
10851,Spirituality
10867,Crime
10868,Fiction
10871,Thriller
10889,Memoir
10890,Fiction
10893,Memoir
10894,Fiction
10928,History
10933,Art
10937,History
10965,Thriller
10984,Cookbooks
11000,Psychology
11009,Fiction
11015,Fantasy
11016,Fiction
11033,Fiction
11056,Fiction
11069,Classics
11081,Horror
11082,Sports
11094,Romance
11099,Art
11100,Music
11145,Fantasy
11169,Religion
11170,Spirituality
11175,Christian
11176,Christian
11181,Religion
11183,Spirituality
11229,Fiction
11231,History
11254,Ebooks
11266,Fiction
11274,Fiction
11288,Fantasy
11296,Fantasy
11305,Fantasy
11306,Fantasy
11307,Fantasy
11308,Fantasy
11309,Fantasy
11310,Fantasy
11311,Fantasy
11312,Fantasy
11313,Fantasy
11314,Fantasy
11315,Fantasy
11316,Fantasy
11317,Fantasy
11318,Fantasy
11319,Art
11320,Fantasy
11321,Fantasy
11322,Fantasy
11323,Fantasy
11324,Fantasy
11325,Fantasy
11326,Fantasy
11327,Classics
11328,Fantasy
11329,Contemporary
11330,Fantasy
11331,Fantasy
11332,Fantasy
11333,Fantasy
11334,Fantasy
11335,Fantasy
11336,Fantasy
11337,Fantasy
11338,Fantasy
11339,Fantasy
11340,Fantasy
11341,Fantasy
11342,Fantasy
11343,Fantasy
11344,Fantasy
11345,Fantasy
11346,Fantasy
11347,Fantasy
11348,Fantasy
11349,Fantasy
11350,Fantasy
11351,Fantasy
11352,Fantasy
11353,Fantasy
11354,Fantasy
11355,Fantasy
11356,Fantasy
11357,Fantasy
11358,Fantasy
11359,Fantasy
11360,Fantasy
11361,Fantasy
11362,Fantasy
11363,Fantasy
11364,Fantasy
11365,Fantasy
11366,Fantasy
11367,Fantasy
11368,Fantasy
11369,Fantasy
11370,Fantasy
11371,Fantasy
11372,Fantasy
11373,Fantasy
11374,Fantasy
11375,Fantasy
11376,Fantasy
11377,Fantasy
11378,Fantasy
11379,Fantasy
11380,Fantasy
11381,Fantasy
11382,Fantasy
11383,Fantasy
11384,Fantasy
11385,Fantasy
11386,Fantasy
11387,Fantasy
11388,Fantasy
11389,Fantasy
11390,Fantasy
11391,Fantasy
11392,Fantasy
11393,Fantasy
11394,Fantasy
11395,Fantasy
11426,Art
11469,Comics
11470,Manga
11484,Cookbooks
11499,Art
11506,Christian
11515,Christian
11516,Classics
11517,Comics
11518,Cookbooks
11524,Fantasy
11525,Fantasy
11526,Fiction
11535,Manga
11536,Manga
11537,Manga
11538,Fiction
11539,Fiction
11540,Fiction
11544,Poetry
11547,Romance
11548,Romance
11552,Crime
11555,Paranormal
11556,Ebooks
11566,Manga
11567,Fiction
11583,Fantasy
11584,Fantasy
11585,Comics
11586,Horror
11587,Manga
11603,Thriller
11604,Thriller
11649,Fiction
11676,Fiction
11679,Fiction
11680,Fiction
11712,Romance
11721,Fantasy
11726,Romance
11727,Science
11741,Fantasy
11743,Fiction
11744,Fiction
11745,Fiction
11746,Fiction
11747,Fiction
11748,Fiction
11749,Fiction
11750,Fiction
11751,Fiction
11752,Fiction
11753,Fiction
11754,Fiction
11755,Fiction
11756,Fiction
11757,Fiction
11758,Fiction
11759,Fiction
11760,Fiction
11761,Fiction
11762,Fiction
11763,Christian
11764,Fiction
11765,Classics
11766,Contemporary
11767,Crime
11768,Crime
11769,Fiction
11770,Fiction
11771,Fiction
11772,Fiction
11773,Fantasy
11774,Fantasy
11775,Fiction
11776,Fiction
11777,Fiction
11778,Fiction
11779,Fiction
11780,Fiction
11781,Fiction
11782,Fiction
11783,Fiction
11784,Fiction
11785,Fiction
11786,Fiction
11787,Fiction
11788,Fiction
11789,Fiction
11790,Fiction
11791,Fiction
11792,Fiction
11793,Fiction
11794,Fiction
11795,Fiction
11796,Fiction
11797,Fiction
11798,Fiction
11799,Fiction
11800,Fiction
11801,Fiction
11802,Fiction
11803,Fiction
11804,Crime
11805,Fiction
11806,Fiction
11807,Fiction
11808,Fiction
11809,Fiction
11810,Fiction
11811,Fiction
11812,Fiction
11813,Fiction
11814,Fiction
11815,Fiction
11816,Fiction
11817,Fiction
11818,Fiction
11819,Fiction
11820,Fiction
11821,Fiction
11822,Fiction
11823,Fiction
11824,Fiction
11825,Fiction
11826,Fiction
11827,Fiction
11828,Fiction
11829,Fiction
11830,Fiction
11831,Fiction
11832,Fiction
11833,Fiction
11834,Fiction
11835,Fiction
11836,Fiction
11837,Fiction
11838,Fiction
11839,Fiction
11840,Fiction
11841,Fiction
11842,Fiction
11843,Fiction
11844,Fiction
11845,Fiction
11846,Fiction
11847,Fiction
11848,Biography
11849,Fiction
11850,Fiction
11851,Fiction
11852,Fiction
11853,Fiction
11874,Romance
11910,Music
11941,Business
11951,History
11952,Crime
11956,History
11973,Art
11974,Art
11981,Comics
11982,Fiction
11986,Manga
12036,Manga
12081,Fantasy
12103,Art
12110,Mystery
12116,Fantasy
12126,Fiction
12129,Mystery
12137,Fiction
12149,Mystery
12180,Cookbooks
12187,Cookbooks
12195,Travel
12196,Travel
12199,Cookbooks
12205,Business
12207,Cookbooks
12218,Fiction
12228,History
12233,Memoir
12234,Memoir
12237,Fiction
12244,Science
12245,Science
12262,Fiction
12263,Art
12265,Memoir
12301,Art
12336,Romance
12359,Fiction
12360,Thriller
12362,Mystery
12363,Science
12365,Thriller
12436,Art
12493,Mystery
12528,Ebooks
12557,Classics
12558,Contemporary
12562,Fiction
12564,History
12572,Poetry
12620,Art
12667,Fantasy
12668,Fiction
12671,Mystery
12683,Fiction
12687,Mystery
12690,Romance
12693,Travel
12704,History
12710,Romance
12726,Art
12729,Fantasy
12730,Fantasy
12731,Fiction
12734,Fiction
12735,History
12736,Horror
12738,Mystery
12739,Biography
12740,Fiction
12741,Fiction
12744,Paranormal
12745,Paranormal
12746,Poetry
12747,Art
12752,Art
12754,Fantasy
12809,Fiction
12838,Art
12839,Art
12840,Art
12841,Art
12852,Art
12876,Fantasy
12877,Fiction
12878,History
12884,Romance
12902,Art
12933,Comics
12941,Business
12942,Christian
12946,Fantasy
12948,Fiction
12949,Fiction
12950,History
12951,Horror
12954,Fiction
12955,Fiction
12958,Philosophy
12962,Science
12963,Psychology
12964,Sports
12965,Fiction
12990,Art
12991,Biography
12992,Biography
12994,Christian
12995,Classics
12996,Comics
12997,Contemporary
12998,Contemporary
12999,Cookbooks
13005,Fantasy
13006,Fiction
13009,Fantasy
13010,Fiction
13011,Romance
13012,Horror
13014,Manga
13015,Mystery
13016,Fiction
13018,Fiction
13019,Fiction
13020,Fiction
13021,Paranormal
13022,Paranormal
13023,Philosophy
13024,Poetry
13025,Fiction
13027,Romance
13028,Romance
13029,Suspense
13031,Fiction
13036,Thriller
13037,Fantasy
13042,Fantasy
13043,Fiction
13067,Art
13070,Art
13071,Art
13072,Art
13102,Classics
13103,Fiction
13104,History
13111,Philosophy
13113,Poetry
13158,Thriller
13243,Fiction
13271,Fiction
13282,History
13296,Manga
13305,Cookbooks
13337,Mystery
13367,Christian
13371,Fantasy
13372,Fantasy
13373,Fiction
13375,Fantasy
13376,Manga
13378,Mystery
13379,Fiction
13382,Suspense
13447,Horror
13449,Fiction
13450,Horror
13455,Romance
13529,Art
13533,Manga
13534,Comics
13537,Fantasy
13538,Fiction
13541,Manga
13542,Manga
13543,Memoir
13544,Memoir
13545,Fiction
13546,Fiction
13549,Comics
13552,Comics
13555,Manga
13556,Manga
13564,Comics
13565,Manga
13568,Comics
13569,Comics
13570,Comics
13571,Manga
13575,Manga
13576,Comics
13577,Comics
13578,Manga
13600,Comics
13618,Cookbooks
13625,Classics
13629,Fiction
13630,Fiction
13636,Fiction
13637,Spirituality
13649,Classics
13652,History
13658,Philosophy
13709,Fantasy
13712,Fantasy
13714,Art
13726,Fantasy
13758,Fiction
13761,Crime
13763,Travel
13800,Fantasy
13853,Art
13919,Christian
13938,Crime
13951,Science
13952,Fiction
13961,Horror
13983,Romance
14030,Art
14036,Classics
14048,Crime
14129,Art
14153,Art
14161,Psychology
14165,Science
14180,Art
14181,Art
14182,Art
14183,Art
14184,Art
14185,Art
14186,Art
14187,Art
14188,Art
14189,Art
14311,Fantasy
14360,Fantasy
14361,Fantasy
14366,Fantasy
14377,Mystery
14380,Romance
14393,Romance
14395,Romance
14400,Art
14437,Fiction
14447,Christian
14450,Fiction
14451,Fiction
14453,Fiction
14455,Art
14457,Fiction
14461,Fiction
14465,Romance
14473,Biography
14474,Christian
14475,Christian
14476,Christian
14477,Crime
14478,Crime
14483,Romance
14484,Fantasy
14487,Fiction
14488,Fiction
14489,Fiction
14490,Fiction
14491,Fiction
14492,Fiction
14493,Fiction
14494,Fiction
14495,Fiction
14496,Fiction
14497,Fiction
14498,Fiction
14499,Fiction
14500,Fiction
14501,Fiction
14502,Fiction
14503,Fiction
14504,Fiction
14505,Fiction
14506,Fiction
14507,Fiction
14508,Fiction
14509,Fiction
14510,Fiction
14511,Fiction
14512,Fiction
14513,Fiction
14519,Mystery
14520,Fiction
14521,Fiction
14527,Romance
14528,Fiction
14529,Romance
14530,Romance
14535,Thriller
14536,Thriller
14538,Fiction
14539,Fiction
14540,Romance
14552,History
14553,History
14554,History
14555,History
14556,History
14557,History
14558,History
14559,History
14560,History
14561,History
14562,Biography
14563,Fiction
14564,Art
14565,History
14566,History
14567,History
14568,History
14569,Art
14570,History
14571,History
14572,Biography
14573,History
14574,History
14575,History
14576,History
14577,History
14578,History
14579,History
14580,History
14581,History
14582,History
14583,Fiction
14584,History
14585,History
14586,History
14587,History
14588,Fiction
14589,History
14590,History
14591,History
14592,History
14593,History
14594,History
14595,History
14596,History
14597,History
14598,History
14599,History
14600,History
14601,Fiction
14602,Fiction
14603,History
14604,Art
14605,Art
14606,History
14607,History
14608,History
14609,History
14610,History
14611,History
14612,History
14613,History
14614,History
14615,History
14616,History
14617,History
14618,History
14619,History
14620,History
14621,History
14622,History
14623,History
14624,History
14625,History
14626,History
14627,History
14628,History
14629,History
14630,History
14631,History
14632,History
14633,History
14634,History
14635,History
14636,History
14637,History
14638,History
14639,History
14682,Romance
14689,Art
14690,Art
14691,Art
14697,Fiction
14699,Art
14716,Cookbooks
14720,Romance
14733,Fiction
14737,Memoir
14738,Memoir
14781,Fiction
14821,Horror
14822,Horror
14823,Horror
14824,Horror
14825,Horror
14826,Horror
14827,Horror
14828,Horror
14829,Horror
14830,Horror
14831,Horror
14832,Comics
14833,Fantasy
14834,Horror
14835,Fantasy
14836,Fiction
14837,Horror
14838,Horror
14839,Horror
14840,Horror
14841,Horror
14842,Horror
14843,Horror
14844,Horror
14845,Horror
14846,Horror
14847,Horror
14848,Horror
14849,Horror
14850,Horror
14851,Horror
14852,Horror
14853,Horror
14854,Horror
14855,Horror
14856,Horror
14857,Crime
14858,Horror
14859,Horror
14860,Horror
14861,Horror
14862,Horror
14863,Fiction
14864,Horror
14865,Horror
14866,Horror
14870,Fiction
14904,Romance
14928,Art
14937,Art
14959,Manga
15042,Science
15053,Comics
15054,Fantasy
15056,Romance
15062,Fantasy
15063,Fiction
15065,Mystery
15066,Romance
15122,Fantasy
15154,Art
15159,Fiction
15226,Comics
15296,Comics
15427,Art
15456,Fiction
15457,History
15458,Fiction
15468,Fiction
15469,History
15470,History
15477,Fiction
15518,Fiction
15519,Fiction
15525,Romance
15564,Science
15573,Fiction
15591,Art
15592,Art
15629,Fiction
15631,Fiction
15633,Romance
15656,Art
15659,Art
15667,History
15708,Thriller
15722,Romance
15783,Poetry
15789,Fiction
15794,Poetry
15799,Fiction
15814,Fiction
15815,History
15829,Religion
15849,Art
15864,Fiction
15865,History
15911,Fiction
15912,History
15938,Fantasy
15949,Biography
15960,Fiction
15973,Mystery
15975,Fiction
16138,Fiction
16142,Fiction
16158,Fiction
16212,Fiction
16214,History
16219,Manga
16254,History
16269,Art
16321,Fiction
16386,Fiction
16387,History
16392,Fiction
16398,Biography
16494,Art
16495,Art
16522,Art
16590,Art
16623,Manga
16636,Art
16654,Biography
16748,Psychology
16757,Fiction
16772,Fiction
16796,Fantasy
16797,Fiction
16800,Biography
16804,Fantasy
16805,Fiction
16808,Fiction
16809,Fiction
16953,Art
17038,Art
17140,Fantasy
17142,Fiction
17143,Classics
17146,Fiction
17153,Mystery
17154,Fiction
17159,Poetry
17173,Classics
17200,Fantasy
17210,Art
17211,Art
17224,Cookbooks
17225,Thriller
17230,Ebooks
17231,Ebooks
17255,Contemporary
17276,Art
17313,Mystery
17377,Fiction
17422,Fiction
17443,Thriller
17513,Art
17515,Art
17533,Art
17593,Art
17642,Fiction
17643,History
17725,Fiction
17747,Fiction
17752,Christian
17755,Fiction
17757,Fiction
17758,History
17762,Fiction
17763,Fiction
17769,Religion
17781,Business
17784,Business
17802,Art
17820,Classics
17822,Classics
17859,Thriller
17860,Fiction
17861,Mystery
17862,Suspense
17863,Thriller
17864,Thriller
17932,Art
17935,Fiction
17937,Romance
18004,Fiction
18005,History
18012,Fiction
18024,Art
18026,Art
18060,Cookbooks
18067,Ebooks
18069,Fiction
18096,Science
18153,Philosophy
18155,Science
18156,Science
18160,Memoir
18179,Fantasy
18180,Fiction
18181,Art
18182,Art
18183,Mystery
18212,Mystery
18301,Fiction
18309,Poetry
18320,Art
18322,Classics
18323,Cookbooks
18326,Fiction
18327,Classics
18336,Thriller
18374,Classics
18376,Fantasy
18377,Fiction
18384,Fiction
18385,Poetry
18389,Fantasy
18406,Classics
18500,Fantasy
18534,Art
18554,Romance
18643,Romance
18661,Romance
18676,Horror
18678,Horror
18697,Fantasy
18711,Art
18797,Romance
18803,Fantasy
18805,Romance
18873,Romance
18889,Fantasy
18915,Fantasy
18924,Art
18952,Fiction
19040,Business
19042,Business
19052,Manga
19053,Manga
19054,Manga
19055,Manga
19056,Manga
19057,Manga
19058,Manga
19059,Manga
19060,Manga
19061,Manga
19062,Manga
19063,Art
19064,Comics
19065,Manga
19066,Comics
19067,Manga
19068,Manga
19069,Manga
19070,Manga
19071,Manga
19072,Manga
19073,Manga
19074,Manga
19075,Manga
19076,Classics
19077,Manga
19078,Manga
19079,Manga
19080,Manga
19081,Manga
19082,Manga
19083,Comics
19084,Comics
19085,Comics
19086,Comics
19087,Manga
19088,Manga
19089,Manga
19090,Manga
19091,Manga
19092,Manga
19093,Manga
19094,Fantasy
19095,Manga
19096,Manga
19097,Manga
19098,Manga
19099,Manga
19100,Manga
19101,Manga
19102,Manga
19103,Manga
19104,Comics
19105,Manga
19106,Manga
19107,Horror
19108,Manga
19109,Manga
19110,Manga
19111,Manga
19112,Manga
19113,Manga
19114,Manga
19115,Manga
19116,Manga
19117,Manga
19118,Manga
19119,Manga
19120,Manga
19121,Manga
19122,Manga
19123,Manga
19124,Manga
19125,Manga
19126,Manga
19127,Manga
19128,Manga
19129,Comics
19130,Manga
19131,Manga
19132,Manga
19133,Manga
19134,Manga
19135,Manga
19136,Manga
19137,Comics
19138,Manga
19139,Manga
19140,Manga
19141,Manga
19142,Manga
19143,Manga
19144,Manga
19145,Manga
19146,Manga
19147,Manga
19148,Manga
19149,Manga
19150,Manga
19151,Manga
19152,Manga
19153,Manga
19154,Manga
19155,Manga
19156,Manga
19157,Manga
19158,Manga
19159,Manga
19160,Manga
19161,Manga
19162,Manga
19163,Manga
19164,Manga
19165,Manga
19166,Comics
19167,Comics
19168,Manga
19169,Manga
19170,Manga
19171,Manga
19172,Manga
19267,History
19298,Business
19338,Art
19339,Art
19340,Art
19341,Art
19342,Art
19343,Art
19344,Art
19345,Art
19346,Art
19347,Art
19348,Art
19349,Art
19350,Art
19351,Art
19352,Art
19353,Art
19354,Art
19355,Art
19356,Art
19359,Comics
19360,Comics
19361,Comics
19371,Comics
19399,Art
19446,Science
19448,History
19450,Science
19457,Science
19480,Art
19499,Manga
19512,Romance
19558,Romance
19574,Art
19575,Art
19640,Fiction
19642,History
19646,Mystery
19647,Fiction
19648,Fiction
19651,Science
19652,Suspense
19654,Thriller
19655,Thriller
19665,Science
19669,Fantasy
19670,Fiction
19671,Fiction
19672,History
19676,Mystery
19678,Romance
19729,Biography
19733,Memoir
19734,Biography
19735,Biography
19736,Biography
19737,Memoir
19738,Biography
19739,Biography
19740,Memoir
19741,Memoir
19742,Memoir
19743,Memoir
19744,Memoir
19745,Memoir
19746,Memoir
19747,Memoir
19748,Biography
19749,Memoir
19750,Biography
19751,Memoir
19752,Memoir
19753,Memoir
19754,Memoir
19755,Memoir
19795,Classics
19835,Fiction
19868,Fantasy
19893,Fiction
19944,History
19949,History
19959,Art
19960,Art
19963,Fiction
19964,History
19969,History
19978,Fantasy
19979,Fiction
20049,Biography
20052,Fantasy
20053,Fiction
20054,History
20055,Fiction
20056,History
20058,Fiction
20059,Fiction
20062,Thriller
20063,Romance
20065,Fiction
20070,Fiction
20072,Thriller
20073,Thriller
20076,Fiction
20150,Art
20160,Fiction
20161,Fiction
20162,Fiction
20168,Fantasy
20191,Biography
20233,Comics
20242,Fantasy
20243,Romance
20261,Romance
20282,Classics
20285,History
20287,Fantasy
20288,Fiction
20290,History
20306,Mystery
20307,Philosophy
20308,Poetry
20310,Romance
20314,Fiction
20380,Business
20406,Horror
20435,Philosophy
20457,Art
20461,Fiction
20561,Music
20583,Art
20646,Fiction
20660,Fiction
20662,Mystery
20673,Music
20674,Art
20675,Music
20676,Art
20677,Music
20678,Music
20679,Biography
20680,Music
20681,Music
20682,Music
20683,Music
20684,Music
20685,Music
20686,History
20687,Music
20688,Memoir
20689,Music
20690,Fiction
20691,Fiction
20692,Music
20693,Music
20694,Music
20695,Music
20696,Music
20697,Music
20698,Music
20699,Music
20700,Music
20701,Music
20702,Music
20703,Music
20704,Music
20705,Music
20706,Music
20707,Music
20708,Music
20709,Business
20710,Music
20711,Music
20712,Music
20713,Music
20733,Art
20734,Classics
20793,Classics
20800,Comics
20803,Cookbooks
20804,Cookbooks
20811,Ebooks
20813,Fiction
20814,Fantasy
20836,Art
20837,Art
20856,Manga
20857,Manga
20858,Manga
20861,Fiction
20893,Thriller
20908,Cookbooks
20924,Suspense
20927,Thriller
20932,Suspense
20933,Thriller
20934,Thriller
20939,Mystery
20940,Mystery
20941,Mystery
20942,Mystery
20943,Mystery
20944,Mystery
20945,Mystery
20946,Mystery
20947,Crime
20948,Mystery
20949,Mystery
20950,Mystery
20951,Mystery
20952,Mystery
20953,Mystery
20954,Mystery
20955,Contemporary
20956,Mystery
20957,Crime
20958,Crime
20959,Crime
20960,Crime
20961,Crime
20962,Mystery
20963,Mystery
20964,Crime
20965,Mystery
20966,Mystery
20967,Fiction
20968,Mystery
20969,Mystery
20970,Mystery
20971,Mystery
20972,Horror
20973,Horror
20974,Mystery
20975,Mystery
20976,Mystery
20977,Mystery
20978,Mystery
20979,Mystery
20980,Mystery
20981,Mystery
20982,Mystery
20983,Mystery
20984,Mystery
20985,Mystery
20986,Mystery
20987,Mystery
20988,Mystery
20989,Mystery
20990,Horror
20991,Mystery
20992,Horror
20993,Mystery
20994,Mystery
20995,Mystery
20996,Crime
20997,Mystery
20998,Horror
20999,Mystery
21000,Mystery
21001,Mystery
21002,Horror
21003,Mystery
21004,Mystery
21005,Mystery
21006,Mystery
21014,Fiction
21017,Fiction
21022,Fiction
21026,Religion
21028,Fiction
21031,Religion
21042,Fiction
21058,Romance
21120,Art
21122,Fiction
21123,Fiction
21127,Manga
21153,Fiction
21169,Fiction
21170,History
21187,History
21189,Science
21190,Science
21197,Science
21198,Travel
21202,Science
21210,Fiction
21214,Fiction
21215,Fiction
21216,History
21233,Thriller
21256,Romance
21257,Romance
21352,Science
21357,Psychology
21358,Science
21359,Psychology
21390,Contemporary
21391,Romance
21395,Spirituality
21408,Fiction
21423,Romance
21483,Comics
21503,Art
21504,Biography
21505,Business
21506,Christian
21507,Cookbooks
21509,Crime
21510,History
21512,Memoir
21515,Science
21517,Crime
21524,Art
21643,Music
21644,Fiction
21647,Fantasy
21673,Crime
21674,Fiction
21679,Comics
21680,Christian
21689,Fiction
21690,Fiction
21691,Fiction
21692,Art
21693,Art
21694,Art
21695,Art
21696,Fiction
21697,Biography
21698,Biography
21699,Fiction
21700,Fiction
21701,Business
21702,Christian
21703,Fiction
21704,Fiction
21705,Crime
21706,Fiction
21707,Fiction
21708,Fiction
21709,Fiction
21710,Fiction
21711,Fiction
21712,Fiction
21713,Fiction
21714,Fiction
21715,Fiction
21716,Fiction
21717,Fiction
21718,Fiction
21719,Fiction
21720,Fiction
21721,Fiction
21722,Fiction
21723,Fiction
21724,Fiction
21725,Fiction
21726,Fiction
21727,Fiction
21728,Fiction
21729,Fiction
21730,Fiction
21731,Fiction
21732,Fiction
21733,Fiction
21734,Fiction
21735,Fiction
21736,Fiction
21737,Fiction
21738,Fiction
21739,Fiction
21740,Fiction
21741,Fiction
21742,Art
21743,Fiction
21746,Fiction
21752,Poetry
21754,Romance
21756,Comics
21761,Fiction
21767,Art
21768,Biography
21770,Science
21773,Fiction
21774,Fiction
21775,Fiction
21776,Fiction
21777,Biography
21778,Fiction
21779,Christian
21780,Christian
21781,Fiction
21782,Crime
21783,Fiction
21784,Fiction
21785,Fiction
21786,Fiction
21787,Fiction
21788,Fiction
21789,Fiction
21790,Fiction
21791,Fiction
21792,Fiction
21793,Fiction
21794,Fiction
21795,Fiction
21796,Fiction
21797,Fiction
21798,Fiction
21799,Fiction
21800,Fiction
21801,Fiction
21802,Fiction
21803,Fiction
21804,Fiction
21805,Crime
21806,Fiction
21807,Fiction
21834,Art
21851,Crime
21852,Crime
21871,Fiction
21898,Art
21908,Comics
21962,Art
21975,Ebooks
22008,Thriller
22017,Comics
22018,Comics
22038,Fantasy
22039,Art
22067,Fantasy
22069,Fantasy
22073,Fantasy
22074,Thriller
22075,Fantasy
22076,Fantasy
22077,Fantasy
22079,Thriller
22093,Crime
22121,Classics
22219,Romance
22223,Manga
22244,Cookbooks
22259,Romance
22313,Art
22321,Cookbooks
22332,Art
22339,Music
22402,Manga
22413,Manga
22476,History
22486,Fantasy
22488,History
22504,Crime
22514,Mystery
22549,Christian
22550,Comics
22552,Fiction
22555,Manga
22556,Fiction
22558,Fiction
22559,Paranormal
22561,Philosophy
22565,Sports
22650,Art
22651,Art
22675,Ebooks
22698,Manga
22699,Art
22705,Fiction
22706,Fiction
22742,Cookbooks
22765,Comics
22766,Cookbooks
22769,Comics
22774,Ebooks
22776,Fiction
22789,Manga
22790,Manga
22791,Art
22812,Fiction
22827,History
22828,Classics
22872,Fiction
22885,Cookbooks
22922,Art
22962,Romance
22973,Paranormal
22974,Paranormal
22975,Paranormal
22976,Paranormal
22977,Fantasy
22978,Fantasy
22979,Fiction
22980,Paranormal
22981,Mystery
22982,Paranormal
22983,Paranormal
22984,Fantasy
22985,Paranormal
22986,Paranormal
22987,Paranormal
22988,Paranormal
22989,Paranormal
22990,Paranormal
22991,Fantasy
22992,Paranormal
22993,Paranormal
22994,Paranormal
22995,Paranormal
22996,Paranormal
22997,Paranormal
22998,Paranormal
22999,Psychology
23037,Art
23038,Art
23039,Art
23040,Art
23041,Art
23042,Art
23043,Art
23044,Art
23045,Art
23046,Art
23047,Art
23048,Art
23049,Art
23050,Art
23051,Art
23136,Art
23163,Fiction
23225,Classics
23229,Classics
23231,Classics
23238,Classics
23239,Classics
23240,Classics
23241,Classics
23249,History
23284,Art
23286,Art
23292,Fiction
23293,Romance
23298,Cookbooks
23319,Poetry
23330,Christian
23356,Memoir
23463,Art
23466,Fiction
23471,Philosophy
23472,Philosophy
23473,Philosophy
23474,Philosophy
23475,Philosophy
23476,Philosophy
23477,Philosophy
23478,Philosophy
23479,Philosophy
23480,Philosophy
23481,Philosophy
23482,Philosophy
23483,Classics
23484,Philosophy
23485,Philosophy
23486,Philosophy
23487,Philosophy
23488,Philosophy
23489,History
23490,Philosophy
23491,Philosophy
23492,Philosophy
23493,Philosophy
23494,Philosophy
23495,History
23496,Philosophy
23497,Philosophy
23498,Philosophy
23499,Philosophy
23500,Philosophy
23501,Philosophy
23502,Philosophy
23503,Philosophy
23504,Philosophy
23505,Art
23506,Philosophy
23507,Philosophy
23508,Philosophy
23509,Philosophy
23510,Philosophy
23511,Philosophy
23512,Philosophy
23513,Philosophy
23514,Philosophy
23515,Philosophy
23516,Philosophy
23536,Art
23539,Art
23541,Art
23542,Art
23554,Comics
23561,Science
23562,Science
23577,Religion
23581,Music
23585,Fiction
23598,Biography
23601,Classics
23608,Fiction
23624,Ebooks
23678,Romance
23688,History
23710,Romance
23744,Music
23745,Poetry
23753,Music
23756,Poetry
23770,Fiction
23778,Crime
23779,Crime
23797,Romance
23831,Poetry
23832,Poetry
23833,Poetry
23834,Poetry
23835,Poetry
23836,Poetry
23837,Poetry
23838,Poetry
23839,Poetry
23840,Poetry
23841,Poetry
23842,Poetry
23843,Classics
23844,Poetry
23845,Poetry
23846,Poetry
23847,Poetry
23848,Poetry
23849,Poetry
23850,Poetry
23851,Poetry
23852,Poetry
23853,Poetry
23854,Poetry
23855,Poetry
23856,Poetry
23857,Poetry
23858,Poetry
23859,Poetry
23860,Poetry
23861,Poetry
23862,Poetry
23863,Poetry
23864,Poetry
23866,Poetry
23890,Thriller
23897,Thriller
23902,Classics
23903,Fantasy
23910,Biography
23913,Fantasy
23914,Fiction
23915,History
23918,Fiction
23919,Fiction
23920,Philosophy
23923,Science
23924,Thriller
23925,Suspense
23928,Thriller
23929,Thriller
23936,History
23937,Philosophy
23942,History
23943,Philosophy
23971,Philosophy
23973,Philosophy
23974,Fiction
23975,Fiction
23976,History
23978,Psychology
23980,Science
23989,Science
23993,Fiction
23994,Music
23995,Psychology
23996,Science
24016,Classics
24028,Psychology
24054,Fiction
24061,Christian
24064,Fantasy
24072,Horror
24081,Fiction
24121,Christian
24146,Religion
24166,History
24208,Fiction
24210,Fiction
24211,History
24240,Biography
24244,History
24278,Art
24341,Comics
24438,Romance
24446,Romance
24471,Art
24472,History
24473,Science
24474,History
24477,Science
24496,Spirituality
24498,Thriller
24513,Psychology
24516,History
24518,Fiction
24519,Mystery
24520,Suspense
24521,Thriller
24522,Thriller
24526,Psychology
24527,Psychology
24528,Psychology
24529,Psychology
24530,Psychology
24531,Psychology
24532,Classics
24533,Psychology
24534,Psychology
24535,Psychology
24536,Psychology
24537,Philosophy
24538,Psychology
24539,Psychology
24540,Psychology
24541,Psychology
24542,Psychology
24543,Psychology
24544,Psychology
24545,Psychology
24546,Psychology
24547,Psychology
24548,Psychology
24549,Psychology
24559,Thriller
24606,Classics
24611,Biography
24615,Fiction
24616,Fiction
24619,Fiction
24620,History
24622,Fiction
24623,Fiction
24626,Fiction
24627,Fiction
24628,History
24629,Fiction
24633,Fiction
24641,Fiction
24648,Fiction
24649,Horror
24716,Art
24717,Art
24730,Fantasy
24731,Fiction
24732,History
24752,Fiction
24770,Classics
24773,Fiction
24888,Art
25031,Art
25032,Art
25067,Biography
25068,Biography
25072,Business
25088,Christian
25089,Christian
25091,Classics
25093,Comics
25094,Comics
25095,Cookbooks
25104,Fantasy
25106,Fiction
25107,Fiction
25115,Art
25131,Fiction
25132,History
25133,Horror
25223,Manga
25224,Comics
25225,Manga
25226,Manga
25230,Memoir
25232,Fantasy
25238,Mystery
25240,Business
25242,Fiction
25244,Fiction
25260,Art
25261,Art
25262,Philosophy
25263,Poetry
25266,Poetry
25276,Romance
25278,Fantasy
25279,Fiction
25285,Spirituality
25286,Sports
25317,Travel
25352,Manga
25405,Memoir
25418,Crime
25425,Fiction
25438,Fiction
25439,Fiction
25440,Contemporary
25444,Fiction
25480,Fiction
25481,Fiction
25491,Cookbooks
25512,Comics
25513,Manga
25560,Comics
25567,Cookbooks
25575,Cookbooks
25577,Science
25598,Romance
25599,Fiction
25600,Romance
25608,Fantasy
25647,Religion
25648,Religion
25649,Religion
25650,Religion
25651,Philosophy
25652,Religion
25653,Religion
25654,Religion
25655,Religion
25656,Christian
25657,Christian
25658,Religion
25659,Religion
25660,Religion
25661,Religion
25662,Religion
25663,History
25664,Religion
25665,Religion
25666,Religion
25667,Religion
25668,Religion
25669,Religion
25670,Philosophy
25671,Religion
25672,Religion
25673,Religion
25674,Religion
25675,Philosophy
25676,Religion
25677,Religion
25678,Religion
25679,Religion
25680,Religion
25681,Religion
25682,Religion
25683,Religion
25687,Thriller
25690,Fiction
25691,Fiction
25692,History
25697,Fiction
25698,Fiction
25707,Thriller
25711,Spirituality
25713,Fiction
25722,Art
25728,History
25731,Art
25762,Art
26080,History
26081,Memoir
26082,Memoir
26083,Music
26087,Romance
26090,Romance
26093,Romance
26098,Romance
26108,Art
26123,Suspense
26129,Fiction
26130,Fiction
26131,History
26138,Romance
26139,Romance
26140,Romance
26141,Romance
26142,Romance
26143,Romance
26144,Romance
26145,Romance
26146,Contemporary
26147,Romance
26148,Romance
26149,Romance
26150,Romance
26151,Fantasy
26152,Fiction
26153,Romance
26154,Romance
26155,Romance
26156,Manga
26157,Romance
26158,Manga
26159,Romance
26160,Mystery
26161,Romance
26162,Romance
26163,Paranormal
26164,Paranormal
26165,Romance
26166,Romance
26167,Romance
26168,Romance
26169,Romance
26170,Romance
26171,Romance
26172,Romance
26173,Romance
26174,Romance
26175,Romance
26176,Romance
26177,Romance
26186,Classics
26187,Fiction
26198,Poetry
26199,Fantasy
26200,Fiction
26202,Mystery
26204,Poetry
26207,Suspense
26208,Thriller
26289,Art
26300,History
26379,Classics
26380,Fiction
26381,History
26390,Classics
26442,Comics
26443,Art
26456,Art
26479,Fiction
26505,Art
26536,Art
26570,Art
26597,Art
26628,Art
26675,Crime
26676,Mystery
26678,Crime
26683,Crime
26684,Crime
26685,Crime
26686,Fiction
26691,Mystery
26694,Thriller
26703,Fiction
26728,Fantasy
26741,Art
26770,Fantasy
26772,Fantasy
26773,Fantasy
26774,Fantasy
26780,Classics
26785,Fantasy
26786,Fantasy
26787,Fantasy
26788,Fantasy
26789,Fantasy
26790,Fantasy
26793,Horror
26799,Romance
26806,Thriller
26807,Travel
26809,Fantasy
26811,Fiction
26812,Fantasy
26816,Science
26817,Science
26818,Science
26819,Science
26820,Science
26821,Science
26822,Science
26823,Philosophy
26824,Psychology
26825,Religion
26826,Science
26827,Science
26828,Science
26829,Science
26830,Science
26831,Art
26832,Science
26833,Science
26834,Science
26835,Science
26836,Fantasy
26837,Fiction
26838,Fantasy
26839,Fiction
26840,Fiction
26841,Fiction
26842,Fantasy
26843,Fiction
26844,Fiction
26845,Fiction
26846,Fiction
26847,Fiction
26848,Fiction
26849,Fiction
26850,Fiction
26851,Fiction
26852,Science
26853,Science
26854,Science
26855,History
26856,Science
26857,Science
26858,Science
26859,Science
26860,Science
26861,Science
26862,Science
26863,Science
26864,Science
26865,Fiction
26866,Fiction
26867,Philosophy
26868,Science
26869,Science
26870,Psychology
26871,Science
26872,Science
26873,Science
26874,Science
26875,Science
26876,Science
26877,Science
26878,Science
26879,Science
26880,Science
26881,Religion
26882,Science
26883,Fiction
26884,Fiction
26885,Science
26895,Fantasy
26896,Fantasy
26897,Fantasy
26898,Fantasy
26899,Fantasy
26901,Romance
26903,Thriller
26905,Fantasy
26946,Fiction
26947,Romance
26949,Romance
27018,Romance
27035,History
27069,Manga
27099,Business
27104,Psychology
27106,Spirituality
27142,Fiction
27176,Art
27177,Art
27284,Art
27303,Art
27304,Art
27305,Art
27315,Art
27393,Romance
27399,Fantasy
27403,Fantasy
27503,Music
27524,History
27525,Biography
27527,Biography
27528,Business
27529,Business
27534,Fantasy
27536,Fiction
27537,Fiction
27538,History
27544,Memoir
27546,Mystery
27548,Fiction
27549,Art
27550,Poetry
27553,Fiction
27554,Fiction
27555,Travel
27578,Fiction
27579,Mystery
27612,Romance
27642,Manga
27643,Manga
27646,Manga
27660,Classics
27661,Fiction
27690,Fiction
27701,Manga
27706,Manga
27740,Art
27751,Fiction
27779,Romance
27833,Art
27834,Art
27846,Travel
27935,Romance
27938,Romance
27946,Business
27953,Romance
27957,Art
27958,Art
27959,Art
27967,Art
27978,Art
28022,History
28030,Psychology
28031,Science
28032,Science
28054,Psychology
28061,Fiction
28088,Fiction
28132,Fiction
28133,Poetry
28182,Ebooks
28186,Fiction
28195,Fiction
28215,Fiction
28241,Fantasy
28242,Fiction
28243,History
28244,Horror
28254,Travel
28265,Classics
28266,History
28271,Fantasy
28278,Art
28300,Fiction
28301,History
28304,Art
28328,Poetry
28338,Religion
28342,Christian
28347,Christian
28348,Classics
28353,Fiction
28365,Memoir
28368,Fiction
28369,Philosophy
28370,Poetry
28372,Psychology
28375,Religion
28384,Spirituality
28385,Spirituality
28386,Philosophy
28387,Religion
28388,Spirituality
28389,Christian
28390,Christian
28391,Spirituality
28392,Spirituality
28393,Spirituality
28394,Spirituality
28395,Spirituality
28396,Paranormal
28397,Philosophy
28398,Philosophy
28399,Psychology
28400,Religion
28401,Spirituality
28402,Spirituality
28406,Religion
28411,Religion
28421,Romance
28422,Sports
28423,Sports
28424,Sports
28425,Sports
28426,Sports
28427,Sports
28428,Sports
28429,Sports
28430,Sports
28431,Sports
28432,Sports
28433,Sports
28434,Fiction
28435,Sports
28436,Sports
28437,History
28438,Sports
28439,Sports
28440,Sports
28441,Fiction
28442,Fiction
28443,Sports
28444,Sports
28445,Romance
28446,Romance
28447,Sports
28448,Sports
28449,Sports
28450,Sports
28451,Sports
28452,Sports
28453,Art
28469,Mystery
28473,Fiction
28476,Mystery
28478,Thriller
28482,Thriller
28483,Thriller
28484,Thriller
28517,History
28550,Fiction
28577,Art
28578,Art
28579,Art
28580,Art
28581,Art
28582,Art
28583,Art
28584,Art
28585,Art
28586,Art
28587,Art
28588,Art
28589,Art
28590,Art
28591,Art
28592,Art
28593,Art
28594,Art
28595,Art
28596,Art
28613,Romance
28695,Art
28696,Art
28712,Art
28713,Art
28759,Art
28789,Fiction
28807,Art
28808,Art
28809,Art
28844,Art
28845,Art
28850,Romance
28871,Memoir
28891,Art
28975,Romance
28982,Comics
28983,Philosophy
28990,Thriller
29001,Comics
29002,Fiction
29013,Fantasy
29014,Fiction
29015,Horror
29016,Mystery
29018,Paranormal
29019,Paranormal
29020,Romance
29021,Thriller
29047,Fiction
29074,Romance
29075,Thriller
29076,Suspense
29077,Suspense
29078,Fiction
29079,Horror
29080,Suspense
29081,Mystery
29082,Romance
29083,Suspense
29084,Horror
29085,Mystery
29086,Suspense
29087,Mystery
29116,Crime
29125,Romance
29194,Christian
29231,Art
29283,Art
29287,Art
29294,Art
29295,Art
29325,Classics
29328,Fantasy
29329,Fiction
29333,Fiction
29334,History
29335,Horror
29340,Manga
29343,Mystery
29344,Fiction
29345,Fiction
29357,Poetry
29358,Poetry
29362,Romance
29363,Science
29364,Fiction
29369,Spirituality
29385,Romance
29391,Art
29420,Fiction
29421,Thriller
29431,Thriller
29432,Thriller
29435,History
29436,Thriller
29462,Fantasy
29464,Fiction
29468,Mystery
29469,Fiction
29474,Fiction
29475,Romance
29526,Manga
29551,Horror
29554,Thriller
29585,History
29592,Art
29607,Business
29616,Horror
29619,Art
29620,Art
29621,Art
29622,Art
29623,Art
29624,Art
29648,Fantasy
29681,Art
29716,Classics
29733,Art
29737,Art
29789,Fiction
29791,Art
29807,Art
29851,Horror
29922,Art
29953,Art
29992,Mystery
29993,Mystery
30043,Mystery
30118,Art
30154,Mystery
30210,Art
30213,Music
30225,Science
30243,Philosophy
30245,Christian
30246,Christian
30247,Christian
30251,Philosophy
30253,Religion
30254,Spirituality
30261,Philosophy
30350,Mystery
30358,Thriller
30359,Thriller
30360,Thriller
30361,Horror
30362,Crime
30363,Thriller
30364,Thriller
30365,Thriller
30366,Mystery
30367,Fiction
30368,Horror
30369,Thriller
30370,Thriller
30371,Thriller
30372,Thriller
30373,Mystery
30374,Horror
30375,Mystery
30376,Thriller
30377,Thriller
30378,Romance
30379,Thriller
30380,Thriller
30381,Suspense
30382,Mystery
30383,Thriller
30384,Horror
30385,Thriller
30386,Thriller
30387,Crime
30388,Horror
30389,Thriller
30390,Mystery
30391,Thriller
30448,Fiction
30464,Travel
30465,Romance
30466,Travel
30467,Travel
30468,Travel
30473,Travel
30495,Classics
30529,Manga
30552,Cookbooks
30583,Fiction
30587,Fiction
30599,Art
30600,Art
30601,Art
30613,Biography
30614,Biography
30620,Business
30621,Business
30622,Business
30631,Christian
30632,Christian
30635,Classics
30636,Classics
30639,Comics
30640,Comics
30643,Contemporary
30644,Contemporary
30647,Cookbooks
30667,Fantasy
30668,Fantasy
30669,Fantasy
30670,Fantasy
30672,Fiction
30673,Biography
30674,Fiction
30692,Fiction
30693,History
30696,Horror
30697,Horror
30708,Mystery
30724,Classics
30729,Manga
30730,Manga
30731,Manga
30738,Memoir
30740,Fiction
30745,Music
30748,Mystery
30755,Fiction
30756,Fiction
30770,Ebooks
30772,Paranormal
30774,Art
30776,Philosophy
30781,Poetry
30782,Poetry
30785,Fantasy
30791,Psychology
30796,Religion
30798,Romance
30802,Science
30803,Fiction
30805,Fantasy
30822,Spirituality
30824,Sports
30827,Paranormal
30834,Thriller
30843,Travel
30844,Crime
30846,Fantasy
30856,Art
30913,Art
30914,Art
30984,Fantasy
30986,Art
30993,Fantasy
31002,Art
31003,Comics
31004,Sports
31053,Art
31054,Classics
31058,Fantasy
31059,Fiction
31060,Fiction
31061,Sports
31062,Fiction
31064,Poetry
31066,Science
31067,Fiction
31122,Business
31126,Fiction
31136,Fiction
31138,Manga
31151,Romance
31155,Travel
31156,Travel
31157,Travel
31158,Travel
31159,Travel
31160,Travel
31161,Travel
31162,Travel
31163,Travel
31164,Travel
31165,Fiction
31166,Travel
31167,Travel
31168,Travel
31169,Travel
31170,History
31171,Travel
31172,Travel
31173,Travel
31174,Travel
31175,Memoir
31176,Memoir
31177,Travel
31178,Travel
31179,Travel
31180,Travel
31181,Travel
31182,Travel
31183,Travel
31184,Travel
31185,Travel
31186,Travel
31187,Travel
31188,Travel
31189,Travel
31190,Travel
31191,Travel
31192,Travel
31193,Travel
31207,Art
31238,Art
31254,Crime
31255,Crime
31256,Crime
31257,Crime
31258,Crime
31267,Crime
31269,Crime
31310,Fiction
31311,Fiction
31312,History
31313,Fiction
31328,Classics
31329,Fiction
31385,Suspense
31396,Manga
31397,Fiction
31400,Romance
31412,History
31414,History
31415,History
31432,Horror
31501,Art
31502,Art
31529,History
31561,Fiction
31565,Ebooks
31567,Fiction
31573,Paranormal
31582,Fiction
31617,Fantasy
31618,Fantasy
31619,Fantasy
31620,Fiction
31622,Art
31624,Paranormal
31626,Romance
31629,Fantasy
31646,Fiction
31647,History
31648,History
31671,Fiction
31701,Fantasy
31702,Fantasy
31703,Fantasy
31704,Fantasy
31721,Romance
31731,Fantasy
31732,Fiction
31737,Manga
31741,Romance
31743,Fantasy
31773,Contemporary
31793,Cookbooks
31801,Cookbooks
31831,Comics
31862,Fiction
31866,Mystery
31867,Romance
31873,Fiction
31884,Fiction
31886,Fiction
31912,Classics
31915,Crime
31952,Art
31953,Art
31954,Art
31975,Music
32005,Psychology
32081,Comics
32105,Christian
32106,Classics
32107,Comics
32108,Cookbooks
32109,Fiction
32114,Manga
32115,Fiction
32118,Poetry
32137,Crime
32138,Fiction
32139,History
32143,Memoir
32146,Fiction
32154,Thriller
32271,Art
32272,Business
32273,Comics
32280,Comics
32303,Fiction
32304,Horror
32317,Fantasy
32343,Horror
32359,Fiction
32362,Mystery
32363,Philosophy
32364,Romance
32378,Art
32388,Fiction
32558,Art
32594,Art
32598,Manga
32600,Fiction
32601,Fiction
32603,Poetry
32605,History
32606,Comics
32635,Fiction
32658,Art
32680,Fiction
32687,Religion
32691,Fiction
32708,Fiction
32710,History
32718,Fiction
32726,Fiction
32727,Fiction
32771,Business
32776,Romance
32783,Romance
32791,Classics
32793,Fantasy
32794,Fantasy
32795,Fiction
32796,History
32801,Religion
32802,Religion
32804,Travel
32810,Fiction
32815,Fiction
32816,History
32823,Fiction
32854,Fantasy
32908,Fiction
32909,History
32922,Fiction
32923,Fiction
32924,History
32926,Memoir
32927,Fiction
32928,Fiction
32940,Art
32948,Poetry
32952,Manga
32976,Fantasy
32977,Fantasy
32979,Comics
32980,Mystery
32995,Contemporary
33004,Contemporary
33005,Contemporary
33009,Fantasy
33012,Fiction
33016,Fantasy
33018,Fiction
33019,Horror
33030,Manga
33031,Mystery
33033,Fiction
33035,Paranormal
33036,Paranormal
33037,Fantasy
33038,Paranormal
33039,Paranormal
33040,Poetry
33044,Fiction
33045,Romance
33047,Fiction
33050,Sports
33055,Fantasy
33067,Art
33100,Spirituality
33119,Contemporary
33121,Fantasy
33124,Fiction
33130,Paranormal
33131,Paranormal
33133,Romance
33135,Fiction
33139,Art
33166,Fiction
33169,Fiction
33193,Fiction
33198,Art
33201,Fiction
33208,Comics
33211,Fiction
33236,Romance
33265,Fiction
33266,Horror
33281,Spirituality
33292,Fantasy
33311,Fiction
33861,Poetry
33935,Art
